-- phpMyAdmin SQL Dump
-- version 3.5.1
-- http://www.phpmyadmin.net
--
-- 主机: localhost
-- 生成日期: 2013 年 08 月 22 日 09:29
-- 服务器版本: 5.5.24-log
-- PHP 版本: 5.4.3

SET SQL_MODE="NO_AUTO_VALUE_ON_ZERO";
SET time_zone = "+00:00";


/*!40101 SET @OLD_CHARACTER_SET_CLIENT=@@CHARACTER_SET_CLIENT */;
/*!40101 SET @OLD_CHARACTER_SET_RESULTS=@@CHARACTER_SET_RESULTS */;
/*!40101 SET @OLD_COLLATION_CONNECTION=@@COLLATION_CONNECTION */;
/*!40101 SET NAMES utf8 */;

--
-- 数据库: `lehuo`
--

-- --------------------------------------------------------

--
-- 表的结构 `lh_city`
--

CREATE TABLE IF NOT EXISTS `lh_city` (
  `id` smallint(5) unsigned NOT NULL AUTO_INCREMENT COMMENT 'id',
  `pid` smallint(5) NOT NULL DEFAULT '0',
  `name` varchar(10) DEFAULT NULL COMMENT '城市名',
  PRIMARY KEY (`id`)
) ENGINE=MyISAM  DEFAULT CHARSET=utf8 COMMENT='城市' AUTO_INCREMENT=479 ;

--
-- 转存表中的数据 `lh_city`
--

INSERT INTO `lh_city` (`id`, `pid`, `name`) VALUES
(1, 0, '北京市'),
(2, 0, '上海市'),
(3, 0, '天津市'),
(4, 0, '重庆市'),
(5, 0, '黑龙江省'),
(6, 0, '吉林省'),
(7, 0, '辽宁省'),
(8, 0, '江苏省'),
(9, 0, '山东省'),
(10, 0, '安徽省'),
(11, 0, '河北省'),
(12, 0, '河南省'),
(13, 0, '湖北省'),
(14, 0, '湖南省'),
(15, 0, '江西省'),
(16, 0, '陕西省'),
(17, 0, '山西省'),
(18, 0, '四川省'),
(19, 0, '青海省'),
(20, 0, '海南省'),
(21, 0, '广东省'),
(22, 0, '贵州省'),
(23, 0, '浙江省'),
(24, 0, '福建省'),
(25, 0, '台湾省'),
(26, 0, '甘肃省'),
(27, 0, '云南省'),
(28, 0, '内蒙古自治区'),
(29, 0, '宁夏回族自治区'),
(30, 0, '新疆维吾尔自治区'),
(31, 0, '西藏自治区'),
(32, 0, '广西壮族自治区'),
(33, 0, '香港特别行政区'),
(34, 0, '澳门特别行政'),
(35, 1, '东城区'),
(36, 1, '西城区'),
(37, 1, '海淀区'),
(38, 1, '朝阳区'),
(39, 1, '丰台区'),
(40, 1, '石景山区'),
(41, 1, '通州区'),
(42, 1, '顺义区'),
(43, 1, '房山区'),
(44, 1, '大兴区'),
(45, 1, '昌平区'),
(46, 1, '怀柔区'),
(47, 1, '平谷区'),
(48, 1, '门头沟区'),
(49, 2, '黄浦区'),
(50, 2, '卢湾区'),
(51, 2, '徐汇区'),
(52, 2, '长宁区'),
(53, 2, '静安区'),
(54, 2, '普陀区'),
(55, 2, '闸北区'),
(56, 2, '虹口区'),
(57, 2, '杨浦区'),
(58, 2, '宝山区'),
(59, 2, '闵行区'),
(60, 2, '嘉定区'),
(61, 2, '松江区'),
(62, 2, '青浦区'),
(63, 2, '奉贤区'),
(64, 2, '金山区'),
(65, 2, '浦东新区'),
(66, 3, '和平区'),
(67, 3, '河东区'),
(68, 3, '河西区'),
(69, 3, '南开区'),
(70, 3, '河北区'),
(71, 3, '红桥区'),
(72, 3, '滨海新区'),
(73, 3, '东丽区'),
(74, 3, '西青区'),
(75, 3, '津南区'),
(76, 3, '北辰区'),
(77, 3, '武清区'),
(78, 3, '宝坻区'),
(79, 4, '渝中区'),
(80, 4, '江北区'),
(81, 4, '沙坪坝区'),
(82, 4, '南岸区'),
(83, 4, '大渡口区'),
(84, 4, '九龙坡区'),
(85, 4, '北碚区'),
(86, 4, '渝北区'),
(87, 4, '巴南区'),
(88, 4, '万州区'),
(89, 4, '涪陵区'),
(90, 4, '黔江区'),
(91, 4, '合川区'),
(92, 4, '南川区'),
(93, 4, '江津区'),
(94, 4, '永川区'),
(95, 4, '万盛区'),
(96, 4, '双桥区'),
(97, 4, '长寿区'),
(98, 5, '哈尔滨市'),
(99, 5, '齐齐哈尔市'),
(100, 5, '鹤 岗 市'),
(101, 5, '伊 春 市'),
(102, 5, '牡丹江市'),
(103, 5, '佳木斯市'),
(104, 5, '七台河市'),
(105, 5, '黑 河 市'),
(106, 5, '绥 化 市'),
(107, 5, '大兴安岭地区'),
(108, 6, '长春市'),
(109, 6, '吉林市'),
(110, 6, '四平市'),
(111, 6, '辽源市'),
(112, 6, '通化市'),
(113, 6, '白山市'),
(114, 6, '松原市'),
(115, 6, '白城市'),
(116, 6, '延边朝鲜族自治州'),
(117, 7, '沈阳市'),
(118, 7, '大连市'),
(119, 7, '鞍山市'),
(120, 7, '抚顺市'),
(121, 7, '本溪市'),
(122, 7, '丹东市'),
(123, 7, '锦州市'),
(124, 7, '营口市'),
(125, 7, '阜新市'),
(126, 7, '辽阳市'),
(127, 7, '盘锦市'),
(128, 7, '铁岭市'),
(129, 7, '朝阳市'),
(130, 7, '葫芦岛市'),
(131, 8, '南京市'),
(132, 8, '无锡市'),
(133, 8, '徐州市'),
(134, 8, '常州市'),
(135, 8, '苏州市'),
(136, 8, '南通市'),
(137, 8, '连云港市'),
(138, 8, '淮安市'),
(139, 8, '盐城市'),
(140, 8, '扬州市'),
(141, 8, '镇江市'),
(142, 8, '泰州市'),
(143, 8, '宿迁市'),
(144, 9, '济南市'),
(145, 9, '青岛市'),
(146, 9, '淄博市'),
(147, 9, '枣庄市'),
(148, 9, '东营市'),
(149, 9, '烟台市'),
(150, 9, '潍坊市'),
(151, 9, '济宁市'),
(152, 9, '泰安市'),
(153, 9, '威海市'),
(154, 9, '日照市'),
(155, 9, '莱芜市'),
(156, 9, '临沂市'),
(157, 9, '德州市'),
(158, 9, '聊城市'),
(159, 9, '滨州市'),
(160, 9, '菏泽市'),
(161, 10, '合肥市'),
(162, 10, '芜湖市'),
(163, 10, '蚌埠市'),
(164, 10, '淮南市'),
(165, 10, '马鞍山市'),
(166, 10, '淮北市'),
(167, 10, '铜陵市'),
(168, 10, '安庆市'),
(169, 10, '黄山市'),
(170, 10, '滁州市'),
(171, 10, '阜阳市'),
(172, 10, '宿州市'),
(173, 10, '巢湖市'),
(174, 10, '六安市'),
(175, 10, '亳州市'),
(176, 10, '池州市'),
(177, 10, '宣城市'),
(178, 11, '石家庄市'),
(179, 11, '唐山市'),
(180, 11, '秦皇岛市'),
(181, 11, '邯郸市'),
(182, 11, '邢台市'),
(183, 11, '保定市'),
(184, 11, '张家口市'),
(185, 11, '承德市'),
(186, 11, '沧州市'),
(187, 11, '廊坊市'),
(188, 11, '衡水市'),
(189, 12, '郑州市'),
(190, 12, '开封市'),
(191, 12, '洛阳市'),
(192, 12, '平顶山市'),
(193, 12, '安阳市'),
(194, 12, '鹤壁市'),
(195, 12, '新乡市'),
(196, 12, '焦作市'),
(197, 12, '濮阳市'),
(198, 12, '许昌市'),
(199, 12, '漯河市'),
(200, 12, '三门峡市'),
(201, 12, '南阳市'),
(202, 12, '商丘市'),
(203, 12, '信阳市'),
(204, 12, '周口市'),
(205, 12, '驻马店市'),
(206, 12, '济源市'),
(207, 13, '武汉市'),
(208, 13, '黄石市'),
(209, 13, '十堰市'),
(210, 13, '荆州市'),
(211, 13, '宜昌市'),
(212, 13, '襄樊市'),
(213, 13, '鄂州市'),
(214, 13, '荆门市'),
(215, 13, '孝感市'),
(216, 13, '黄冈市'),
(217, 13, '咸宁市'),
(218, 13, '随州市'),
(219, 13, '仙桃市'),
(220, 13, '天门市'),
(221, 13, '潜江市'),
(222, 13, '神农架林区'),
(223, 14, '长沙市'),
(224, 14, '株洲市'),
(225, 14, '湘潭市'),
(226, 14, '衡阳市'),
(227, 14, '邵阳市'),
(228, 14, '岳阳市'),
(229, 14, '常德市'),
(230, 14, '张家界市'),
(231, 14, '益阳市'),
(232, 14, '郴州市'),
(233, 14, '永州市'),
(234, 14, '怀化市'),
(235, 14, '娄底市'),
(236, 14, '湘西土家族苗族自治州'),
(237, 15, '南昌市'),
(238, 15, '景德镇市'),
(239, 15, '萍乡市'),
(240, 15, '九江市'),
(241, 15, '新余市'),
(242, 15, '鹰潭市'),
(243, 15, '赣州市'),
(244, 15, '吉安市'),
(245, 15, '宜春市'),
(246, 15, '抚州市'),
(247, 15, '上饶市'),
(248, 16, '西安市'),
(249, 16, '铜川市'),
(250, 16, '宝鸡市'),
(251, 16, '咸阳市'),
(252, 16, '渭南市'),
(253, 16, '延安市'),
(254, 16, '汉中市'),
(255, 16, '榆林市'),
(256, 16, '安康市'),
(257, 16, '商洛市'),
(258, 17, '太原市'),
(259, 17, '大同市'),
(260, 17, '阳泉市'),
(261, 17, '长治市'),
(262, 17, '晋城市'),
(263, 17, '朔州市'),
(264, 17, '晋中市'),
(265, 17, '运城市'),
(266, 17, '忻州市'),
(267, 17, '临汾市'),
(268, 17, '吕梁市'),
(269, 18, '成都市'),
(270, 18, '自贡市'),
(271, 18, '攀枝花市'),
(272, 18, '泸州市'),
(273, 18, '德阳市'),
(274, 18, '绵阳市'),
(275, 18, '广元市'),
(276, 18, '遂宁市'),
(277, 18, '内江市'),
(278, 18, '乐山市'),
(279, 18, '南充市'),
(280, 18, '眉山市'),
(281, 18, '宜宾市'),
(282, 18, '广安市'),
(283, 18, '达州市'),
(284, 18, '雅安市'),
(285, 18, '巴中市'),
(286, 18, '资阳市'),
(287, 18, '阿坝藏族羌族自治州'),
(288, 18, '甘孜藏族自治州'),
(289, 18, '凉山彝族自治州'),
(290, 19, '西宁市'),
(291, 19, '海东地区'),
(292, 19, '海北藏族自治州'),
(293, 19, '黄南藏族自治州'),
(294, 19, '海南藏族自治州'),
(295, 19, '果洛藏族自治州'),
(296, 19, '玉树藏族自治州'),
(297, 19, '海西蒙古族藏族自治州'),
(298, 20, '海口市'),
(299, 20, '三亚市'),
(300, 20, '五指山市'),
(301, 20, '琼海市'),
(302, 20, '儋州市'),
(303, 20, '文昌市'),
(304, 20, '万宁市'),
(305, 20, '东方市'),
(306, 20, '澄迈县'),
(307, 20, '定安县'),
(308, 20, '屯昌县'),
(309, 20, '临高县'),
(310, 20, '白沙黎族自治县'),
(311, 20, '昌江黎族自治县'),
(312, 20, '乐东黎族自治县'),
(313, 20, '陵水黎族自治县'),
(314, 20, '保亭黎族苗族自治县'),
(315, 20, '琼中黎族苗族自治县'),
(316, 21, '广州市'),
(317, 21, '深圳市'),
(318, 21, '珠海市'),
(319, 21, '汕头市'),
(320, 21, '韶关市'),
(321, 21, '佛山市'),
(322, 21, '江门市'),
(323, 21, '湛江市'),
(324, 21, '茂名市'),
(325, 21, '肇庆市'),
(326, 21, '惠州市'),
(327, 21, '梅州市'),
(328, 21, '汕尾市'),
(329, 21, '河源市'),
(330, 21, '阳江市'),
(331, 21, '清远市'),
(332, 21, '东莞市'),
(333, 21, '中山市'),
(334, 21, '潮州市'),
(335, 21, '揭阳市'),
(336, 21, '云浮市'),
(337, 22, '贵阳市'),
(338, 22, '六盘水市'),
(339, 22, '遵义市'),
(340, 22, '安顺市'),
(341, 22, '铜仁地区'),
(342, 22, '毕节地区'),
(343, 22, '黔西南布依族苗族自治'),
(344, 22, '黔东南苗族侗族自治州'),
(345, 22, '黔南布依族苗族自治州'),
(346, 23, '杭州市'),
(347, 23, '宁波市'),
(348, 23, '温州市'),
(349, 23, '嘉兴市'),
(350, 23, '湖州市'),
(351, 23, '绍兴市'),
(352, 23, '金华市'),
(353, 23, '衢州市'),
(354, 23, '舟山市'),
(355, 23, '台州市'),
(356, 23, '丽水市'),
(357, 24, '福州市'),
(358, 24, '厦门市'),
(359, 24, '莆田市'),
(360, 24, '三明市'),
(361, 24, '泉州市'),
(362, 24, '漳州市'),
(363, 24, '南平市'),
(364, 24, '龙岩市'),
(365, 24, '宁德市'),
(366, 25, '台北市'),
(367, 25, '高雄市'),
(368, 25, '基隆市'),
(369, 25, '台中市'),
(370, 25, '台南市'),
(371, 25, '新竹市'),
(372, 25, '嘉义市'),
(373, 25, '台北县'),
(374, 25, '宜兰县'),
(375, 25, '桃园县'),
(376, 25, '新竹县'),
(377, 25, '苗栗县'),
(378, 25, '台中县'),
(379, 25, '彰化县'),
(380, 25, '南投县'),
(381, 25, '云林县'),
(382, 25, '嘉义县'),
(383, 25, '台南县'),
(384, 25, '高雄县'),
(385, 25, '屏东县'),
(386, 25, '澎湖县'),
(387, 25, '台东县'),
(388, 25, '花莲县'),
(389, 26, '兰州市'),
(390, 26, '金昌市'),
(391, 26, '白银市'),
(392, 26, '天水市'),
(393, 26, '嘉峪关市'),
(394, 26, '武威市'),
(395, 26, '张掖市'),
(396, 26, '平凉市'),
(397, 26, '酒泉市'),
(398, 26, '庆阳市'),
(399, 26, '定西市'),
(400, 26, '陇南市'),
(401, 26, '临夏回族自治州'),
(402, 26, '甘南藏族自治州'),
(403, 27, '昆明市'),
(404, 27, '曲靖市'),
(405, 27, '玉溪市'),
(406, 27, '保山市'),
(407, 27, '昭通市'),
(408, 27, '丽江市'),
(409, 27, '思茅市'),
(410, 27, '临沧市'),
(411, 27, '文山壮族苗族自治州'),
(412, 27, '红河哈尼族彝族自治州'),
(413, 27, '西双版纳傣族自治州'),
(414, 27, '楚雄彝族自治州'),
(415, 27, '大理白族自治州'),
(416, 27, '德宏傣族景颇族自治州'),
(417, 27, '怒江傈傈族自治州'),
(418, 27, '迪庆藏族自治州'),
(419, 28, '呼和浩特市'),
(420, 28, '包头市'),
(421, 28, '乌海市'),
(422, 28, '赤峰市'),
(423, 28, '通辽市'),
(424, 28, '鄂尔多斯市'),
(425, 28, '呼伦贝尔市'),
(426, 28, '巴彦淖尔市'),
(427, 28, '乌兰察布市'),
(428, 28, '锡林郭勒盟'),
(429, 28, '兴安盟'),
(430, 28, '阿拉善盟'),
(431, 29, '银川市'),
(432, 29, '石嘴山市'),
(433, 29, '吴忠市'),
(434, 29, '固原市'),
(435, 29, '中卫市'),
(436, 30, '乌鲁木齐市'),
(437, 30, '克拉玛依市'),
(438, 30, '石河子市　'),
(439, 30, '阿拉尔市'),
(440, 30, '图木舒克市'),
(441, 30, '五家渠市'),
(442, 30, '吐鲁番市'),
(443, 30, '阿克苏市'),
(444, 30, '喀什市'),
(445, 30, '哈密市'),
(446, 30, '和田市'),
(447, 30, '阿图什市'),
(448, 30, '库尔勒市'),
(449, 30, '昌吉市　'),
(450, 30, '阜康市'),
(451, 30, '米泉市'),
(452, 30, '博乐市'),
(453, 30, '伊宁市'),
(454, 30, '奎屯市'),
(455, 30, '塔城市'),
(456, 30, '乌苏市'),
(457, 30, '阿勒泰市'),
(458, 31, '拉萨市'),
(459, 31, '那曲地区'),
(460, 31, '昌都地区'),
(461, 31, '山南地区'),
(462, 31, '日喀则地区'),
(463, 31, '阿里地区'),
(464, 31, '林芝地区'),
(465, 32, '南宁市'),
(466, 32, '柳州市'),
(467, 32, '桂林市'),
(468, 32, '梧州市'),
(469, 32, '北海市'),
(470, 32, '防城港市'),
(471, 32, '钦州市'),
(472, 32, '贵港市'),
(473, 32, '玉林市'),
(474, 32, '百色市'),
(475, 32, '贺州市'),
(476, 32, '河池市'),
(477, 32, '来宾市'),
(478, 32, '崇左市');

-- --------------------------------------------------------

--
-- 表的结构 `lh_collect`
--

CREATE TABLE IF NOT EXISTS `lh_collect` (
  `id` int(11) unsigned NOT NULL AUTO_INCREMENT COMMENT '主键',
  `user_id` int(10) unsigned NOT NULL COMMENT '收藏用户id',
  `store_id` int(10) unsigned NOT NULL COMMENT '收藏的店铺id',
  `time` int(10) unsigned NOT NULL COMMENT '收藏时间',
  PRIMARY KEY (`id`),
  KEY `user_id` (`user_id`),
  KEY `store_id` (`store_id`)
) ENGINE=InnoDB  DEFAULT CHARSET=utf8 COMMENT='收藏店铺关系表' AUTO_INCREMENT=15 ;

--
-- 转存表中的数据 `lh_collect`
--

INSERT INTO `lh_collect` (`id`, `user_id`, `store_id`, `time`) VALUES
(10, 6, 4, 1377079424),
(11, 6, 5, 1377079427),
(12, 6, 10, 1377079430),
(13, 6, 11, 1377079432),
(14, 6, 12, 1377079434);

-- --------------------------------------------------------

--
-- 表的结构 `lh_discount`
--

CREATE TABLE IF NOT EXISTS `lh_discount` (
  `id` int(10) unsigned NOT NULL AUTO_INCREMENT COMMENT '主键',
  `store_id` int(10) unsigned NOT NULL COMMENT '店铺id',
  `city_id` smallint(5) unsigned NOT NULL COMMENT '所属城市',
  `pic_id` int(10) unsigned NOT NULL,
  `content` text NOT NULL COMMENT '简要说明',
  `status` tinyint(2) NOT NULL DEFAULT '1' COMMENT '状态：0正常，1审核，-2删除',
  PRIMARY KEY (`id`)
) ENGINE=InnoDB  DEFAULT CHARSET=utf8 COMMENT='打折优惠表' AUTO_INCREMENT=6 ;

--
-- 转存表中的数据 `lh_discount`
--

INSERT INTO `lh_discount` (`id`, `store_id`, `city_id`, `pic_id`, `content`, `status`) VALUES
(1, 4, 1, 39, '打折1', 0),
(2, 5, 317, 40, '打折2', 0),
(3, 10, 2, 41, '打折3', 0),
(4, 11, 317, 42, '打折4', 0),
(5, 12, 316, 43, '打折5', 0);

-- --------------------------------------------------------

--
-- 表的结构 `lh_file`
--

CREATE TABLE IF NOT EXISTS `lh_file` (
  `id` int(10) unsigned NOT NULL AUTO_INCREMENT COMMENT '主键',
  `file_address` varchar(40) NOT NULL COMMENT '文件地址',
  `type` tinyint(2) unsigned NOT NULL COMMENT '文件类型：1店铺图片，2营业执照，3打折优惠图片',
  `status` tinyint(1) NOT NULL DEFAULT '0' COMMENT '状态',
  PRIMARY KEY (`id`)
) ENGINE=MyISAM  DEFAULT CHARSET=utf8 AUTO_INCREMENT=15 ;

--
-- 转存表中的数据 `lh_file`
--

INSERT INTO `lh_file` (`id`, `file_address`, `type`, `status`) VALUES
(1, '20130819/5211ec1320685.jpg', 1, 0),
(2, '20130819/5211e624960a5.jpg', 1, 0),
(3, '20130819/5211eaa118b3c.jpg', 1, 0),
(4, '20130819/5211eaa11966a.jpg', 1, 0),
(5, '20130819/5211eb52c4f81.jpg', 1, 0),
(6, '20130819/5211eb52c5e08.jpg', 2, 0),
(7, '20130822/5215d3a6917e8.jpg', 1, 0),
(8, '20130822/5215d3a69208d.jpg', 2, 0),
(9, '20130822/5215d49274cce.jpg', 1, 0),
(10, '20130822/5215d49275d29.jpg', 2, 0),
(11, '20130822/5215d4efa4551.jpg', 1, 0),
(12, '20130822/5215d4efa4cef.jpg', 2, 0),
(13, '20130822/5215d51d6f7b8.jpg', 1, 0),
(14, '20130822/5215d51d703fc.jpg', 2, 0);

-- --------------------------------------------------------

--
-- 表的结构 `lh_history`
--

CREATE TABLE IF NOT EXISTS `lh_history` (
  `id` int(11) unsigned NOT NULL AUTO_INCREMENT COMMENT '主键',
  `user_id` int(10) unsigned NOT NULL COMMENT '用户id',
  `store_id` int(10) unsigned NOT NULL COMMENT '商铺id',
  `time` int(10) unsigned NOT NULL COMMENT '历史记录时间',
  PRIMARY KEY (`id`),
  KEY `user_id` (`user_id`),
  KEY `store_id` (`store_id`)
) ENGINE=InnoDB DEFAULT CHARSET=utf8 COMMENT='浏览商铺乐活族记录表' AUTO_INCREMENT=1 ;

-- --------------------------------------------------------

--
-- 表的结构 `lh_join`
--

CREATE TABLE IF NOT EXISTS `lh_join` (
  `id` int(10) unsigned NOT NULL AUTO_INCREMENT COMMENT '主键',
  `user_id` int(10) unsigned NOT NULL COMMENT '提交用户',
  `store_uid` int(10) unsigned NOT NULL COMMENT '店铺所属人',
  `store_name` varchar(255) NOT NULL DEFAULT '' COMMENT '店铺名',
  `trade` tinyint(2) NOT NULL COMMENT '所属行业',
  `estate` varchar(255) DEFAULT NULL COMMENT '所属商业区',
  `draw` decimal(9,2) unsigned NOT NULL COMMENT '人均消费',
  `lng` double(20,17) NOT NULL DEFAULT '0.00000000000000000' COMMENT '经度',
  `lat` double(20,17) NOT NULL DEFAULT '0.00000000000000000' COMMENT '纬度',
  `address` varchar(255) NOT NULL DEFAULT '' COMMENT '详细地址',
  `store_phone` char(11) NOT NULL DEFAULT '' COMMENT '店主电话',
  `city` smallint(5) unsigned NOT NULL COMMENT '所属城市',
  `start_business` varchar(20) NOT NULL COMMENT '开业日期',
  `classification` tinyint(2) unsigned NOT NULL COMMENT '店铺属性，1总店，2分店',
  `official` varchar(10) NOT NULL COMMENT '负责人',
  `store_pic` int(10) unsigned NOT NULL COMMENT '店铺概览图',
  `licence_pic` int(10) unsigned NOT NULL COMMENT '店铺营业执照图片',
  `introduce` char(140) DEFAULT '' COMMENT '简单介绍',
  `time` int(11) unsigned NOT NULL COMMENT '创建时间',
  `status` tinyint(2) NOT NULL DEFAULT '1' COMMENT '商铺状态 0正常状态，1提交待审核，-2删除',
  PRIMARY KEY (`id`),
  UNIQUE KEY `time` (`time`),
  KEY `lng` (`lng`,`lat`),
  KEY `lng_2` (`lng`),
  KEY `lat` (`lat`)
) ENGINE=MyISAM  DEFAULT CHARSET=utf8 COMMENT='加盟店铺表' AUTO_INCREMENT=19 ;

--
-- 转存表中的数据 `lh_join`
--

INSERT INTO `lh_join` (`id`, `user_id`, `store_uid`, `store_name`, `trade`, `estate`, `draw`, `lng`, `lat`, `address`, `store_phone`, `city`, `start_business`, `classification`, `official`, `store_pic`, `licence_pic`, `introduce`, `time`, `status`) VALUES
(4, 1, 1, '黄浦店', 1, '陆家嘴', '50.00', 121.40000000000000000, 31.10000000000000000, '黄浦区', '13761973824', 1, '2013', 1, '张三', 1, 6, '简单介绍1', 1376896144, 0),
(5, 1, 1, '卢湾店', 1, '陆家嘴', '75.00', 121.48000000000000000, 31.22000000000000000, '卢湾区', '13761973824', 2, '2013', 1, '张三', 2, 7, '简单介绍2', 1376896192, 0),
(10, 1, 1, '嘉定店', 2, '陆家嘴', '98.00', 121.24000000000000000, 31.40000000000000000, '嘉定区', '13761973824', 3, '2013', 1, '张三', 3, 8, '简单介绍3', 1376896319, 0),
(11, 1, 1, '金山店', 2, '陆家嘴', '888.00', 121.16000000000000000, 30.89000000000000000, '金山区', '13761973824', 4, '2013', 1, '张三', 4, 9, '简单介绍4', 1376896338, 0),
(12, 1, 1, '南汇店', 3, '陆家嘴', '999.00', 121.76000000000000000, 31.05000000000000000, '南汇区', '13761973824', 5, '2013', 1, '张三', 5, 10, '简单介绍5', 1376896363, 0),
(16, 8, 8, '我的店铺1', 4, '123456', '0.00', 121.50938000000000000, 31.23958500000000000, '上海市浦东新区222', '18221769749', 2, '2013年8月22日', 2, '1822176974', 9, 10, '', 1377162386, 0),
(15, 7, 8, 'wade', 3, '陆家嘴', '0.00', 121.50950100000000000, 31.23948800000000000, '上海市浦东新区111', '18221769749', 2, '2013年8月22日', 2, 'wade', 7, 8, '', 1377162150, 0),
(17, 8, 8, '我的店铺1', 4, '123456', '0.00', 121.50938000000000000, 31.23958500000000000, '上海市浦东新区222', '18221769749', 2, '2013年8月22日', 1, '1822176974', 11, 12, '', 1377162479, 0),
(18, 8, 8, '我的店铺1', 1, '123456', '0.00', 121.50938000000000000, 31.23958500000000000, '上海市浦东新区222', '18221769749', 2, '2013年8月22日', 1, '1822176974', 13, 14, '', 1377162525, 0);

-- --------------------------------------------------------

--
-- 表的结构 `lh_message`
--

CREATE TABLE IF NOT EXISTS `lh_message` (
  `id` int(11) unsigned NOT NULL AUTO_INCREMENT COMMENT '主键',
  `user_id` int(10) unsigned NOT NULL COMMENT '发送人ID',
  `store_id` int(10) unsigned NOT NULL COMMENT '接收ID',
  `content` char(140) NOT NULL COMMENT '消息内容',
  `status` tinyint(2) NOT NULL COMMENT '状态：0已读，1未读，-2删除',
  PRIMARY KEY (`id`),
  KEY `user_id` (`user_id`),
  KEY `store_id` (`store_id`)
) ENGINE=InnoDB DEFAULT CHARSET=utf8 COMMENT='消息表' AUTO_INCREMENT=1 ;

-- --------------------------------------------------------

--
-- 表的结构 `lh_system_info`
--

CREATE TABLE IF NOT EXISTS `lh_system_info` (
  `id` int(10) unsigned NOT NULL AUTO_INCREMENT COMMENT '主键',
  `content` text NOT NULL COMMENT '消息内容',
  `time` int(10) unsigned NOT NULL COMMENT '发送时间',
  `status` tinyint(2) NOT NULL COMMENT '状态：0正常，-2删除',
  PRIMARY KEY (`id`)
) ENGINE=MyISAM  DEFAULT CHARSET=utf8 COMMENT='系统消息表' AUTO_INCREMENT=3 ;

--
-- 转存表中的数据 `lh_system_info`
--

INSERT INTO `lh_system_info` (`id`, `content`, `time`, `status`) VALUES
(1, '这是系统消息1，这是系统消息1，这是系统消息1，这是系统消息1，这是系统消息1，这是系统消息1，这是系统消息1，这是系统消息1，这是系统消息1，这是系统消息1，这是系统消息1，这是系统消息1，这是系统消息1，这是系统消息1，这是系统消息1，这是系统消息1，这是系统消息1，这是系统消息1，这是系统消息1，这是系统消息1，这是系统消息1，这是系统消息1，这是系统消息1，这是系统消息1，这是系统消息1，这是系统消息1，这是系统消息1，这是系统消息1，这是系统消息1，这是系统消息1，这是系统消息1，这是系统消息1，这是系统消息1，这是系统消息1，这是系统消息1，这是系统消息1', 1376896144, 0),
(2, '这是系统消息2，这是系统消息2，这是系统消息2，这是系统消息2，这是系统消息2，这是系统消息2，这是系统消息2，这是系统消息2，这是系统消息2，这是系统消息2，这是系统消息2，这是系统消息2，这是系统消息2，这是系统消息2，这是系统消息2，这是系统消息2，这是系统消息2，这是系统消息2，这是系统消息2，这是系统消息2，这是系统消息2，这是系统消息2，这是系统消息2，这是系统消息2，这是系统消息2，这是系统消息2，这是系统消息2，这是系统消息2，这是系统消息2，这是系统消息2，这是系统消息2，这是系统消息2，这是系统消息2，这是系统消息2', 1376896144, 0);

-- --------------------------------------------------------

--
-- 表的结构 `lh_users`
--

CREATE TABLE IF NOT EXISTS `lh_users` (
  `id` int(10) unsigned NOT NULL AUTO_INCREMENT,
  `account` char(11) NOT NULL,
  `name` varchar(50) DEFAULT '' COMMENT '称呢',
  `password` char(32) NOT NULL,
  `last_login_time` int(11) unsigned NOT NULL DEFAULT '0',
  `last_login_ip` varchar(40) NOT NULL DEFAULT '0',
  `login_count` smallint(6) unsigned NOT NULL DEFAULT '0' COMMENT '登陆次数',
  `create_time` int(11) unsigned NOT NULL,
  `update_time` int(11) unsigned NOT NULL,
  `type` tinyint(1) unsigned NOT NULL COMMENT '用户类型:0管理员，1普通用户，2推广员，3店主',
  `status` tinyint(1) NOT NULL DEFAULT '0' COMMENT '0正常、1待审核、-2删除',
  PRIMARY KEY (`id`),
  UNIQUE KEY `id` (`id`),
  UNIQUE KEY `account` (`account`)
) ENGINE=InnoDB  DEFAULT CHARSET=utf8 ROW_FORMAT=COMPACT COMMENT='用户表' AUTO_INCREMENT=9 ;

--
-- 转存表中的数据 `lh_users`
--

INSERT INTO `lh_users` (`id`, `account`, `name`, `password`, `last_login_time`, `last_login_ip`, `login_count`, `create_time`, `update_time`, `type`, `status`) VALUES
(1, 'admin', 'admin', '21232f297a57a5a743894a0e4a801fc3', 1377153455, '192.168.1.7', 89, 1376561926, 1376561926, 0, 0),
(7, '13761951734', 'wade', 'e10adc3949ba59abbe56e057f20f883e', 1377162520, '192.168.1.7', 3, 1377161948, 1377161948, 1, 0),
(8, '18221769749', '18221769749', 'e10adc3949ba59abbe56e057f20f883e', 1377162215, '192.168.1.10', 1, 1377162150, 1377162150, 3, 0);

-- --------------------------------------------------------

--
-- 表的结构 `lh_verify`
--

CREATE TABLE IF NOT EXISTS `lh_verify` (
  `id` int(10) unsigned NOT NULL AUTO_INCREMENT,
  `telephone` char(11) NOT NULL COMMENT '手机',
  `verify` char(6) NOT NULL COMMENT '验证码',
  `expired` int(10) unsigned NOT NULL DEFAULT '0' COMMENT '过期时间',
  `type` tinyint(2) unsigned NOT NULL COMMENT '类型：1注册、2店铺加盟',
  `status` tinyint(1) NOT NULL DEFAULT '0' COMMENT '0可用，1已使用',
  PRIMARY KEY (`id`),
  KEY `telephone` (`telephone`),
  KEY `telephone_2` (`telephone`),
  KEY `telephone_3` (`telephone`)
) ENGINE=InnoDB  DEFAULT CHARSET=utf8 AUTO_INCREMENT=4 ;

--
-- 转存表中的数据 `lh_verify`
--

INSERT INTO `lh_verify` (`id`, `telephone`, `verify`, `expired`, `type`, `status`) VALUES
(1, '13761951734', '226695', 1377162203, 1, 1),
(2, '18221769749', '774140', 1377162299, 2, 1),
(3, '18221769749', '287247', 1377162565, 2, 1);

/*!40101 SET CHARACTER_SET_CLIENT=@OLD_CHARACTER_SET_CLIENT */;
/*!40101 SET CHARACTER_SET_RESULTS=@OLD_CHARACTER_SET_RESULTS */;
/*!40101 SET COLLATION_CONNECTION=@OLD_COLLATION_CONNECTION */;
